Archivo,WER,Inserciones,Sustituciones,Eliminaciones,Transcripción Oficial,Transcripción Whisper
10667_6706_000010.txt,0.21428571428571427,0,9,0,rica pata la pata pedrito y volaba lejos hasta que vio debajo de él muy abajo el río paraná que parecía una lejana y ancha cinta blanca y siguió siguió volando hasta que se asentó por fin en un árbol a descansar,"Rica, papa, la pata Pedrito y volaba lejos hasta que vio debajo de él, muy abajo, el río Paraná, que parecía una lejana y ancha cinta blanca, y siguió, siguió volando hasta que se asentó por fin en un árbol a descansar."
10667_6706_000013.txt,0.35135135135135137,3,10,0,cuando el tiempo se componía volaba entonces gritando como un loco era como se ve un loro bien feliz que además de ser libre como lo desean todos los pájaros tenía también como las personas ricas su,"Cuando el tiempo se componía, volaba entonces gritando como un loco. Era, como se ve, un loro bien feliz, que además de ser libre, como lo desean todos los pájaros, tenía también, como las personas ricas, su five o'clock tea."
10667_6706_000028.txt,0.14634146341463414,0,6,0,cómo iba a presentarse en el comedor con esa figura voló entonces hasta el hueco que había en el tronco de un eucalipto y que era como una cueva y se escondió en el fondo tiritando de frío y de vergüenza,"¿Cómo iba a presentarse en el comedor con esa figura? Voló entonces hasta el hueco que había en el tronco de un eucalipto y que era como una cueva, y se escondió en el fondo, tiritando de frío y de vergüenza."
10667_6706_000033.txt,0.5384615384615384,0,14,0,rica papa le decía querés té con leche la papa para el tigre y todos se morían de risa y pedrito también fin del loro pelado,"Rica papa, le decía. ¿Querés té con leche? La papa para el tigre. Y todos se morían de risa. Y Pedrito también. Fin del loro pelado."
10667_6706_000040.txt,0.1875,0,9,0,el tigre enojadísimo al reconocer a aquel loro pelado que él creía haber muerto y que tenía otra vez lindísimas plumas juró que esta vez no se le escaparía y de sus ojos brotaron dos rayos de ira cuando respondió con su voz ronca acercate más soy sordo,"El tigre, enojadísimo al reconocer a aquel loro pelado que él creía haber muerto y que tenía otra vez lindísimas plumas, juró que esta vez no se le escaparía, y de sus ojos brotaron dos rayos de ira cuando respondió con su voz ronca. ¡Acércate más! ¡Soy sordo!"
10667_6706_000046.txt,0.16216216216216217,0,6,0,un día un hombre bajó de un tiro a un loro centinela el que cayó herido y peleó un buen rato antes de dejarse agarrar el peón lo llevó a la casa para los hijos del patrón,"Un día un hombre bajó de un tiro a un loro centinela, el que cayó herido y peleó un buen rato antes de dejarse agarrar. El peón lo llevó a la casa, para los hijos del patrón."
10667_9310_000005.txt,0.2926829268292683,0,12,0,fagin nada respondió á ese cumplido adulador pero tirando á sikes por la manga le señaló con el dedo á nancy que habiéndose aprovechado del momento en que ellos hablaban para ponerse su sombrero se disponía a salir nancy gritó sikes,"Fahim nada respondió a ese cumplido adulador, pero tirando a Sykes por la manga, le señaló con el dedo a Nancy, que habiéndose aprovechado del momento en que ellos hablaban para ponerse su sombrero, se disponía a salir. Nancy, gritó Sykes."
10667_9310_000007.txt,0.2765957446808511,0,13,0,al llegar a la puerta se paró y lanzando una mirada á su alrededor preguntó si había alguno que quisiera alumbrarle para bajar alúmbrale nancy dijo sikes rellenando su pipa sería una lastima que se rompiera el bautismo privaría a los espectadores del placer de verle colgar,"Al llegar a la puerta, se paró y lanzando una mirada a su alrededor preguntó si había alguno que quisiera alumbrarle para bajar. Alúmbrale Nancy, dijo Sykes rellenando su pipa. Sería una lástima que se rompiera el bautismo. Privaría a los espectadores del placer de verle colgar."
10667_9310_000011.txt,0.32432432432432434,0,12,0,ahora añadió el bandido te digo otra vez que te sientes y permanezcas tranquila estamos seguramente no sería un sombrero el que me impediría salir dijo la joven palideciendo qué significa esto guillermo sabes lo que haces,"Ahora, añadió el bandido, te digo otra vez que te sientes y permanezcas tranquila. ¿Estamos? Seguramente no sería un sombrero el que me impediría salir, dijo la joven palideciendo. ¿Qué significa esto, Guillermo? ¿Sabes lo que haces?"
10667_9310_000045.txt,0.3409090909090909,0,15,0,dónde está carlota ha salido la he mandado á una comision fuera de casa con la otra joven porque necesitaba estar solo con vos hubierais debido encargarla que antes me hiciera tostadas de pan con manteca y bien hablad hablad siempre no me interrumpiréis,"¿Dónde está Carlota? Ha salido. La he mandado a una comisión fuera de casa con la otra joven porque necesitaba estar solo con vos. Hubierais debido encargarla que antes me hiciera tostadas de pan con manteca. Y bien, hablad, hablad siempre, no me interrumpiréis."
10667_9310_000070.txt,0.36363636363636365,0,11,1,el caballero se volvió como para prepararse a  partir tomad esta bolsa exclamó rosa guardadla por amor de mi y para que tengáis algún recurso en la necesidad no no contestó la joven,"El caballero se volvió como para prepararse a partir. Tomad esta bolsa, exclamó Rosa. Guardadla por amor de mí para que tengáis algún recurso en la necesidad. No, no, contestó la joven."
10667_9310_000079.txt,0.20408163265306123,0,10,0,y si llega a denunciar a los otros preguntó nancy os prometo que en el caso que podamos obtener de él la verdad arrancándole su secreto no se tratará de esto puede haber en la historia del niño oliverio particularidades que sería penoso someter a la vista del público,"¿Y si llega a denunciar a los otros? Preguntó Nancy. Os prometo que en el caso que podamos obtener de él la verdad arrancándole su secreto, no se tratará de esto. Puede haber en la historia del niño Oliverio particularidades que sería penoso someter a la vista del público."
10667_9310_000106.txt,0.2558139534883721,0,11,0,dijo nancy después de otro momento de silencio acepto vuestra palabra y me entrego enteramente a vosotros después de obtenida la seguridad de rosa y del caballero que podia estar perfectamente tranquila empezó con voz tan baja que el espía apenas podia oírla,"Dijo Nancy después de otro momento de silencio. Acepto vuestra palabra y me entrego enteramente a vosotros. Después de obtenida la seguridad de Rosa y del caballero que podía estar perfectamente tranquila, empezó con voz tan baja que el espía apenas podía oírla."
11168_11957_000031.txt,0.27906976744186046,0,12,0,en tiempos del señor lombroso teníamos en efecto unos cerebros especiales y cuando queríamos trabajar buscábamos de acuerdo con nuestros gustos particulares o según la inspiración del momento un hacha un cuchillo un revólver o una maza hoy en cambio buscamos un cerebro,"En tiempos del señor Lombroso teníamos, en efecto, unos cerebros especiales y cuando queríamos trabajar buscábamos, de acuerdo con nuestros gustos particulares o según la inspiración del momento, un hacha, un cuchillo, un revólver o una masa. Hoy, en cambio, buscamos un cerebro."
11168_11957_000034.txt,0.30303030303030304,1,9,0,puede con poco esfuerzo producir ingresos suficientes para cubrir todas las necesidades de un buen padre de familia conque asesino exclamé yo con una amabilidad que quizá no fuese completamente espontánea muy interesante,"Puede, con poco esfuerzo, producir ingresos suficientes para cubrir todas las necesidades de un buen padre de familia. ¿Con qué asesino? exclamé yo, con una amabilidad que quizá no fuese completamente espontánea. Muy interesante."
11168_11991_000006.txt,0.23333333333333334,0,14,0,aportaron de un colegio de exeter todo el bagaje de perfiles y detalles en boga y se dedicaban como tantas otras señoritas a vivir a la moda felices y alegres a sus vestidos no había falta que ponerles sus rostros más bien eran lindos su modo de ser franco y afable sus ademanes desenvueltos y simpáticos eran dignas y afectuosas,"Aportaron de un colegio de Exeter todo el bagaje de perfiles y detalles en boga y se dedicaban, como tantas otras señoritas, a vivir a la moda, felices y alegres. A sus vestidos no había falta que ponerles. Sus rostros más bien eran lindos, su modo de ser franco y afable, sus ademanes desenvueltos y simpáticos. Eran dignas y afectuosas."
11168_11991_000022.txt,0.984375,0,5,58,en su casa y estimadísimas fuera de ella ana las miraba siempre como a los seres más dichosos que conocía sin embargo por esa grata sensación de superioridad que solemos experimentar y que nos mueve a ahuyentar todo anhelo de cambio posible no hubiera ana pensado en trocar su más fino y cultivado entendimiento por todos los placeres que disfrutaban ellas y si algo,Usa un tono profesional y organizado.
11168_11991_000032.txt,0.1875,0,6,0,si bien al volver encontró más natural el lamentar haber perdido la oportunidad de conocerlos aquella entrevista de las dos partes tuvo un resultado altamente satisfactorio y decidió el trato por completo,"Si bien, al volver, encontró más natural el lamentar haber perdido la oportunidad de conocerlos. Aquella entrevista de las dos partes tuvo un resultado altamente satisfactorio y decidió el trato por completo."
11168_11991_000035.txt,0.15254237288135594,1,8,0,joven hidalgo la primitiva granja habíase elevado a la categoría de quinta para que le sirviera de residencia así es que la quinta de uppercross con su balaustrada sus ventanas a la francesa y algunas otras monadas podía cautivar la mirada del viajero tanto como el aspecto respetable y la solemne prospopeya de la casa grande situada a un,"El joven Hidalgo, la primitiva granja había elevado a la categoría de quinta, para que le sirviera de residencia. Así es que la quinta de Uppercross, con su balaustrada, sus ventanas a la francesa y algunas otras monadas, podía cautivar la mirada del viajero tanto como el aspecto respetable y la solemne prospopeya de la casa grande situada a un"
11168_9310_000001.txt,0.2413793103448276,0,7,0,dejadme arrojando al viejo lejos de él se abalanzó fuera del aposento y se precipitó por la escalera como un furioso guillermo guillermo exclamó el judío corriendo tras él,"¡Dejadme! Arrojando al viejo lejos de él, se abalanzó fuera del aposento y se precipitó por la escalera como un furioso. ¡Guillermo! ¡Guillermo! exclamó el judío corriendo tras él."
11168_9310_000014.txt,0.1320754716981132,0,7,0,el ojo extraviado la respiración corta y las ventanas de la nariz hinchadas el bandido la contempló un momento en silencio luego agarrándola por la cabeza y por el cuello la arrastró al medio del aposento y le puso la mano sobre la boca después de haber lanzado una mirada hacia la puerta,"El ojo extraviado, la respiración corta y las ventanas de la nariz hinchadas, el bandido la contempló un momento en silencio. Luego, agarrándola por la cabeza y por el cuello, la arrastró al medio del aposento y le puso la mano sobre la boca después de haber lanzado una mirada hacia la puerta."
11266_10604_000005.txt,0.32,0,8,0,como todas las penas aunque tantas son una sola pena una sola infinita soberana la pena de vivir llevando al todo temblando ante la nada,"Como todas las penas, aunque tantas, son una sola pena, una sola, infinita, soberana, la pena de vivir llevando al todo temblando ante la nada."
11266_10604_000041.txt,0.24390243902439024,0,10,0,más triste la suerte de tu dios que no la tuya los dioses lloran los dioses lloran cuando muere el perro que les lamió las manos que les miró á los ojos y al mirarles asi les preguntaba á dónde vamos,"Más triste la suerte de tu dios que no la tuya. Los dioses lloran, los dioses lloran cuando muere el perro que les lamió las manos, que les miró a los ojos y al mirarles así les preguntaba, ¿a dónde vamos?"
11266_10604_000062.txt,0.15789473684210525,0,3,0,tener dentro del alma hijos que viven atormentados que te piden la luz y tú no logras darles descanso,"Tener dentro del alma hijos que viven atormentados, que te piden la luz y tú no logras darles descanso."
11266_10604_000069.txt,0.29411764705882354,0,10,0,abrázate al dolor eternizado abrázate a la cruz que se levanta por cima de los mundos abrázate a ella y calla callemos ya mi amor en el silencio la dulcedumbre de la pena guarda,"Abrázate al dolor eternizado. Abrázate a la cruz que se levanta por cima de los mundos. Abrázate a ella y calla. Callemos ya, mi amor, en el silencio la dulcedumbre de la pena guarda."
11266_10604_000076.txt,0.3103448275862069,0,9,0,si tú no te perdonas no te perdona dios perdónate si en paz no vives contigo mismo si no consigues paz en tu pecho no te dará dios paz,"Si tú no te perdonas, no te perdona Dios. Perdónate. Si en paz no vives contigo mismo, si no consigues paz en tu pecho, no te dará Dios paz."
12249_11991_000006.txt,0.24390243902439024,2,8,0,no se habían cansado de ver y de admirar ni siquiera luisa parecía darse cuenta del tiempo que llevaban separados del capitán cuando le vieron venir hacia ellos acompañado de otras tres personas a las que ya conocían por referencias de,"No se habían cansado de ver y de admirar. Ni siquiera Luis aparecía a darse cuenta del tiempo que llevaban separados del capitán. Cuando le vieron venir hacia ellos acompañado de otras tres personas, a las que ya conocían por referencias de Wentworth,"
12249_11991_000015.txt,0.20588235294117646,1,6,0,por fin la descripción de la hermosa campiña que rodea a lyme fué escuchada por la reunión con tal curiosidad que se les despertó el deseo impaciente de ver lyme y a ocurrencia de,"Por fin, la descripción de la hermosa campiña que rodea a Lime fue escuchada por la reunión con tal curiosidad que se les despertó el deseo impaciente de ver Lime. Y a ocurrencia de ella."
12249_11991_000032.txt,0.12195121951219512,0,5,0,que para ir y volver exigía el estado del camino era necesario que pasaran allí la noche y no estarían de regreso hasta el día siguiente a la hora de comer lo cual era una modificación de importancia en el plan,"Que para ir y volver exigía el estado del camino. Era necesario que pasaran allí la noche y no estarían de regreso hasta el día siguiente a la hora de comer, lo cual era una modificación de importancia en el plan."
12249_11991_000045.txt,0.2962962962962963,0,8,0,el capitán harville era un hombre de elevada estatura cetrino de continente afectuoso y dulce estaba algo parecido y sus pronunciadas facciones y su falta de salud,"El Capitán Harville era un hombre de elevada estatura, cetrino, de continente afectuoso y dulce. Estaba algo parecido y sus pronunciadas facciones y su falta de salud..."
12249_11991_000048.txt,0.2,0,4,0,le hacían aparecer como mucho más viejo que el capitán wentworth benwik representaba ser el más joven de los tres,Le hacían aparecer como mucho más viejo que el capitán Wentworth. Benwick representaba ser el más joven de los tres.
12249_11991_000075.txt,0.23809523809523808,0,5,0,allí se detuvieron como siempre se detiene estático todo el que mereciendo gozar de su contemplación llega de nuevo al mar,"Alí se detuvieran como siempre se detiene, estático, todo el que mereciendo gozar de su contemplación llega de nuevo al mar."
12249_11991_000087.txt,0.13157894736842105,0,5,0,solo quedaba alguna familia de las que allí residían mas si nada había digno de verse en cuestión de edificios la curiosa situación de la ciudad cuya principal vía corre hasta el agua misma el paseo al cob,"Sólo quedaba alguna familia de las que allí residían, mas si nada había digno de verse en cuestión de edificios, la curiosa situación de la ciudad cuya principal vía corre hasta el agua misma, el paseo al Cobb."
12249_11991_000089.txt,0.15625,0,5,0,dispuestos por el propietario con algunos trabajos en maderas de raras especies y con buen número de valiosas curiosidades procedentes de los apartados países que harville había visitado divertía mucho a ana,"Dispuestos por el propietario, con algunos trabajos en maderas de raras especies y con buen número de valiosas curiosidades procedentes de los apartados países que Harville había visitado, divertía mucho a Anna."
12249_11991_000095.txt,0.7333333333333333,0,7,15,en porte ni modales era un caballero distingüido natural efusivo y amable aunque no tan fina como su marido la señora de harville poseía al parecer la misma condición bondadosa,"El señor Harville, como la señora de Harville poseía, al parecer, la misma condición bondadosa."
12525_11991_000003.txt,0.24324324324324326,1,8,0,en vez de ocuparse en sus quehaceres andan todo el día correteando por el pueblo dondequiera que vaya me las encuentro y no entro dos veces en el cuarto de los chicos que no las vea ahí,"En vez de ocuparse en sus quehaceres, andan todo el día correteando por el pueblo. Donde quiera que vaya, me las encuentro, y no entro dos veces en el cuarto de los chicos que no las ve ahí."
12525_11991_000013.txt,0.36363636363636365,0,8,0,de este modo pasaron tres semanas llegó el día de san miguel y el corazón de ana voló de nuevo a kellynch,"De este modo, pasaron tres semanas. Llegó el día de San Miguel y el corazón de Ana voló de nuevo a Kellynch."
12525_11991_000014.txt,0.19444444444444445,0,7,0,siempre que allí venía recibía esa impresión y lamentaba que los otros elliot no recogiesen la enseñanza de ver cuán menospreciadas o inadvertidas pasaban allí las cuestiones a que ellos concedían pública estima y atención preferente,"Siempre que ahí venía, recibía esa impresión, y lamentaba que los otros Elliot no recogiesen la enseñanza de ver cuán menospreciadas o inadvertidas pasaban ahí las cuestiones a que ellos concedían pública estima y atención preferente."
12525_11991_000015.txt,0.13636363636363635,0,3,0,sabía muy bien que cuando tocaba a nadie agradaba más que a sí misma pero esta impresión no era en ella nueva,"Sabía muy bien que cuando tocaba a nadie agradaba más que a sí misma, pero esta impresión no era en ella nueva."
12525_11991_000030.txt,0.14285714285714285,0,6,0,siguió la tranquilidad durante todo el resto de la visita pero en el instante preciso de levantarse oyó que el almirante dijo a maría esperamos de un momento a otro a un hermano de mi mujer seguramente que recuerda usted su nombre,"Siguió la tranquilidad durante todo el resto de la visita, pero en el instante preciso de levantarse oyó que el almirante dijo a María, «Esperamos de un momento a otro a un hermano de mi mujer, seguramente que recuerda usted su nombre»."
12525_11991_000052.txt,0.26666666666666666,0,8,0,comprendió ésta no obstante que le era necesario habituarse desde el momento en que se esperaba al capitán en la comarca precisaba que ana dominara su sensibilidad en este punto,"Comprendió ésta, no obstante, que le era necesario habituarse. Desde el momento en que se esperaba al capitán en la comarca, precisaba que Ana dominara su sensibilidad en este punto."
12525_11991_000063.txt,0.19444444444444445,0,7,0,no era preciso que ana viniera de nuevo a uppercross para cerciorarse de que un cambio de medio siquiera sea en el espacio de tres millas puede implicar una total mudanza de conversaciones ideas y pareceres,"No era preciso que Anna viniera de nuevo a Uppercross para cerciorarse de que un cambio de medio, siquiera sea en el espacio de tres millas, puede implicar una total mudanza de conversaciones, ideas y pareceres."
12525_11991_000069.txt,0.15625,0,5,0,por eso es preciso que estemos todo lo alegres que podamos con objeto de distraerla de esos pensamientos lúgubres la verdad de lo ocurrido en este patético fragmento de la historia familiar,"Por eso es preciso que estemos todo lo alegres que podamos, con objeto de distraerla de esos pensamientos lúgubres. La verdad de lo ocurrido en este patético fragmento de la historia familiar."
12525_11991_000073.txt,0.9117647058823529,0,12,19,que surgían entre ambas casas como era reconocido el ascendiente que sobre su hermana ejercía rogábasele a menudo o se le insinuaba que lo empleara más allá de lo que estaba en su mano,El asistente es un hombre que se ha convertido en un hombre de la vida.
12525_11991_000078.txt,0.1282051282051282,0,5,0,fue el primer negro pensamiento que surgió en la mente de maría y disponíase ya a enfadarse cuando luisa lo explicó todo diciendo que si venía a pie era para dejar sitio al arpa que traían en el coche,"Fue el primer negro pensamiento que surgió en la mente de María y disponíase ya a enfadarse cuando Luisa lo explicó todo, diciendo que si venía a pie era para dejar sitio al arpa que traían en el coche."
12525_11991_000091.txt,0.17073170731707318,1,6,0,ya se empezaba a aguzar el oído con objeto de percibir el ruido del coche cuando hizo su entrada la menor de las miusgrove que venía a excusar a los demás y que por tanto habrían de consumir la tarde solas,"Ya se empezaba a agusar el oído con el objeto de percibir el ruido del coche cuando hizo su entrada la menor de las Musgrove, que venía a excusar a los demás y que, por tanto, habrían de consumir la tarde solas."
1448_567_000019.txt,0.35714285714285715,0,7,3,por las letras del a b c comenzando en aristóteles y acabando en xenofonte y en zoílo o zeuxis aunque fue maldiciente el uno y pintor el otro,"Por las letras del ABC, comenzando en Aristóteles y acabando en Xenofonte, en Zoilo o Seuxis, aunque fue maldiciente el uno y pintor el otro."
1448_567_000021.txt,0.3018867924528302,0,15,1,si nombráis algún gigante en vuestro libro hacedle que sea el gigante golías y con solo esto que os costará casi nada tenéis una grande anotación pues podéis poner el gigante golías o goliat fue un filisteo a quien el pastor david mató de una gran pedrada en el valle de de terebinto,"Si nombráis algún gigante en vuestro libro, hacedle que sea el gigante Golías. Y con sólo esto, que os costará casi nada, tenéis una gran denotación, pues podéis poner, el gigante Golías o Goliat fue un filisteo de quien el pastor David mató de una gran pedrada en el valle de Terebinto."
1448_567_000028.txt,0.20689655172413793,0,6,0,con todos mis años a cuestas con una leyenda seca como un esparto ajena de invención menguada de estilo pobre de conceptos y falta de toda erudición y doctrina,"Con todos mis años a cuestas, con una leyenda seca como un esparto, ajena de invención, menguada de estilo, pobre de conceptos y falta de toda erudición y doctrina."
1448_567_000031.txt,0.24324324324324326,0,9,0,en fin señor y amigo mío proseguí yo determino que el señor don quijote se quede sepultado en los archivos en la mancha hasta que el cielo depare quien le adorne de tantas cosas como le faltan,"En fin, señor y amigo mío, proseguí. Yo determino que el señor Don Quijote se quede sepultado en los archivos en la mancha, hasta que el cielo depare quien le adorne de tantas cosas como le faltan."
1448_567_000037.txt,0.21568627450980393,2,9,0,a la fe esto no nace de falta de habilidad sino de sobra de pereza y penuria de discurso queréis ver si es verdad lo que digo pues estadme atento y veréis cómo en un abrir y cerrar de ojos confundo todas vuestras dificultades y remedio todas las faltas que decís,"A la fe, esto no nace de falta de habilidad, sino de sobra de pereza y penuria de discurso. ¿Queréis ver si es verdad lo que digo? Pues estadme atento y veréis cómo, en un abrir y cerrar de ojos, confundo todas vuestras dificultades y remedio todas las faltas que decís o no."
1448_567_000039.txt,0.125,1,3,0,para que su sombra aunque desnudo de aquel precioso ornamento de elegancia y erudición de que suelen andar vestidas las obras que se componen en las casas de los hombres que saben,"Para que a su sombra, aunque desnudo de aquel precioso ornamento de elegancia y erudición de que suelen andar vestidas las obras que se componen en las casas de los hombres que saben,"
1448_567_000058.txt,0.23684210526315788,2,7,0,y muchas la dejé por no saber lo que escribiría y estando una suspenso con el papel delante la pluma en la oreja el codo en el bufete y la mano en la mejilla pensando lo que diría,"Y muchas veces la dejé por no saber lo que escribía. Y estando en una suspenso con el papel delante, la pluma en la oreja, el codo en el bufete y la mano en la mejilla, pensando lo que diría."
1448_567_000063.txt,0.13043478260869565,0,6,0,acontece tener un padre un hijo feo y sin gracia alguna y el amor que le tiene pone una venda en los ojos para que no vea sus faltas antes las juzga por discreciones y lindezas y las cuenta a sus amigos por agudezas y donaires,"Acontece tener un padre, un hijo feo y sin gracia alguna, y el amor que le tiene pone una venda en los ojos para que no vea sus faltas. Antes las juzga por discreciones y lindezas y las cuenta a sus amigos por agudezas y donaires."
1448_567_000069.txt,0.2857142857142857,0,8,0,ya la azada o la hoz poco repugna al andante ejercicio ya está en uso la llaneza escudera con que acuso al soberbio que intenta hollar la luna,"Ya la asada o la hoz poco repugna, al andante ejercicio. Ya está en uso la llanesa escudera, con que acuso al soberbio que intenta hollar la luna."
1448_567_000087.txt,0.35,0,13,1,entró a deshora un amigo mío gracioso y bien entendido el cual viéndome tan imaginativo me preguntó la causa y no encubriéndosela yo le dije que pensaba en el prólogo que había de hacer a la historia de don quijote,"Entró al adesor amigo mío, gracioso y bien entendido, el cual, viéndome tan imaginativo, me preguntó la causa. Y no encubriéndosela yo, le dije que pensaba en el prólogo que había de hacerle a la historia de Don Quijote."
1448_567_000091.txt,0.7948717948717948,0,5,26,y con esto dios te dé salud y a mí no olvide vale al libro de don quijote de la mancha urganda la desconocida si de llegarte a los bue libro fueres con letu no te dirá el boquirrú,"Y con esto, Dios te dé salud y a mí no olvide. Vale."
3468_1378_000012.txt,0.21052631578947367,0,8,0,y si acaso le dan otros manjares de palacio los recibe con melindre y algunas veces con asco lo que el maestresala puede hacer es traerme estas que llaman ollas podridas que mientras más podridas son mejor huelen,"Y, si acaso le dan otros manjares de palacio, lo recibe con melindre y algunas veces con asco. Lo que el maestresala puede hacer es traerme estas que llaman ollas podridas, que mientras más podridas son, mejor huelen."
3468_1378_000020.txt,0.2903225806451613,1,8,0,dime demonio dijo sancho tienes algún ángel que te saque y que te quite los grillos que te pienso mandar echar ahora señor gobernador respondió el mozo con muy buen donaire,"—Dime, demonio —dijo Sancho—, ¿tienes algún ángel que te saque y que te quite los grillos que te pienso mandar echar? —Ahora, señor gobernador —respondió el mozo con muy buen don aire—,"
3468_1378_000026.txt,0.25925925925925924,0,6,1,y en siendo hora vamos a rondar que es mi intención limpiar esta ínsula de todo género de inmundicia y de gente vagamunda holgazanes y mal entretenida,"Y, enciendo hora, vamos a rondar, que es mi intención limpiar esta ínsula de todo género de inmundicia y de gente vagamunda, holgazanes y mal entretenida."
3468_1378_000027.txt,0.2711864406779661,1,15,0,es el caso señores respondió ella que mi padre me ha tenido encerrada diez años ha que son los mismos que a mi madre come la tierra en casa dicen misa en un rico oratorio y yo en todo este tiempo no he visto que el sol del cielo de día y la luna y las estrellas de noche,"«Es el caso, señores», respondió ella, «que mi padre me ha tenido encerrada diez años a, que son los mismos que a mi madre come la tierra. En casa, dice en misa, en un rico oratorio, y yo, en todo este tiempo, no he visto que el sol del cielo de día y la luna y las estrellas de noche»."
3468_1378_000050.txt,0.125,0,4,0,pero el gobernador les dijo por cierto señores que ésta ha sido una gran rapacería y para contar esta necedad y atrevimiento no eran menester tantas largas ni tantas lágrimas y suspiros,"Pero el gobernador les dijo, por cierto señores, que ésta ha sido una gran rapacería y para contar esta necedad y atrevimiento no eran menester tantas largas ni tantas lágrimas y suspiros."
3468_1378_000071.txt,0.18421052631578946,0,7,0,prosiga vuestra merced señora y acabe de decirnos lo que le ha sucedido que nos tienen a todos suspensos sus palabras y sus lágrimas pocas me quedan por decir respondió la doncella aunque muchas lágrimas sí que llorar,"Prosiga vuestra merced señora y acabe de decirnos lo que le ha sucedido, que nos tienen a todos suspensos sus palabras y sus lágrimas. Pocas me quedan por decir, respondió la doncella, aunque muchas lágrimas sí que llorar."
3468_1378_000087.txt,0.21428571428571427,1,8,0,por cierto señor gobernador dijo el maestresala que vuesa merced tiene mucha razón en cuanto ha dicho y que yo ofrezco en nombre de todos los insulanos desta ínsula que han de servir a vuestra merced con toda puntualidad amor y benevolencia,"Por cierto, señor gobernador, dijo el maestresala, que vuesa merced tiene mucha razón en cuanto ha dicho, y que yo ofrezco en nombre de todos los insulanos de esta ínsula que han de servir a vuestra merced con toda puntualidad, amor y benevolencia,"
3468_1378_000096.txt,0.14705882352941177,0,5,0,finalmente por abreviar el cuento de mi perdición digo que yo rogué y pedí a mi hermano que nunca tal pidiera ni tal rogara y tornó a renovar el llanto el mayordomo le dijo,"Finalmente, por abreviar el cuento de mi perdición, digo que yo rogué y pedí a mi hermano que nunca tal pidiera ni tal rogara y tornó a renovar el llanto. El mayordomo le dijo..."
3471_1378_000004.txt,0.1935483870967742,0,6,0,volvió otra y otra vez el preguntante a referir lo que primero había dicho y sancho dijo a mi parecer este negocio en dos paletas le declararé yo y es así,"Volvió otra y otra vez el preguntante a referir lo que primero había dicho y Sancho dijo, A mi parecer, este negocio en dos paletas le declararé yo y es así."
3471_1378_000011.txt,0.2894736842105263,0,11,0,calla muchacha dijo teresa que no sabes lo que te dices y este señor está en lo cierto que tal el tiempo tal el tiento cuando sancho sancha y cuando gobernador señora y no sé si diga algo,"¡Calla, muchacha! dijo Teresa, que no sabes lo que te dices y este señor está en lo cierto, que tal el tiempo, tal el tiento. Cuando Sancho, Sancho, y cuando gobernador, señora y no sé si diga algo."
3471_1378_000016.txt,0.17857142857142858,0,5,0,hoy los dos pondremos en plática nuestros pensamientos con el padre de entrambos que es un tal diego de la llana hidalgo y cristiano viejo cuanto se quiere,"Hoy los dos pondremos en plática nuestros pensamientos con el padre de entrambos, que es un tal Diego de la Llana, hidalgo y cristiano viejo cuanto se quiere."
3471_1378_000035.txt,0.125,0,4,0,pero en efecto lo hubo de conceder por su mejora y el cura le llevó consigo de buena gana por tener lugar de preguntarle de espacio por don quijote y sus hazañas,"Pero, en efecto, lo hubo de conceder por su mejora y el cura le llevó consigo de buena gana por tener lugar de preguntarle de espacio por don Quijote y sus hazañas."
3471_1378_000079.txt,0.2826086956521739,0,13,0,no he mirado en ello respondió el paje pero sí debe de traer ay dios mío replicó sanchica y qué será de ver a mi padre con pedorreras no es bueno sino que desde que nací tengo deseo de ver a mi padre con calzas atacadas,"—No he mirado en ello —respondió el paje—, pero sí debe de traer. —¡Ay, Dios mío! —replicó Sanchica—, ¿y qué será de ver a mi padre con pedorreras? ¿No es bueno sino que desde que nací tengo deseo de ver a mi padre con calzas atacadas?"
3471_1378_000085.txt,0.1935483870967742,1,5,0,apliquélas todas para los niños de la doctrina que las sabrían bien distinguir y sentencié la que por quince días no entrase en la plaza hanme dicho que lo hice valerosamente,Apliqué las todas para los niños de la doctrina que las sabrían bien distinguir y sentencié la que por 15 días no entrase en la plaza. Hanme dicho que lo hice valerosamente.
3471_1378_000086.txt,0.15625,0,5,0,porque quiero que sepan vuestras mercedes que las señoras de aragón aunque son tan principales no son tan puntuosas y levantadas como las señoras castellanas con más llaneza tratan con las gentes,"Porque quiero que sepan vuestras mercedes que las señoras de Aragón, aunque son tan principales, no son tan puntuosas y levantadas como las señoras castellanas, con más llaneza tratan con las gentes."
3471_1378_000090.txt,0.14285714285714285,0,3,1,porque las afrentas que van derechas contra la hermosura y presunción de las mujeres despierta en ellas en gran manera la ira y enciende el deseo de vengarse,Porque las afrentas que van derechas contra la hermosura y presunción de las mujeres despierten ellas en gran manera la ira y enciende el deseo de vengarse.
3471_1378_000102.txt,0.17073170731707318,0,7,0,que un palo compuesto no parece palo no digo que traigas dijes ni galas ni que siendo juez te vistas como soldado sino que te adornes con el hábito que tu oficio requiere con tal que sea limpio y bien compuesto,"Que un palo compuesto no parece palo. No digo que traigas dijes ni galas, ni que siendo juez te vistas como soldado, sino que te adornes con el hábito que tu oficio requiere, con tal que sea limpio y bien compuesto."
3471_1378_000115.txt,0.6666666666666666,1,1,0,fin del capítulo,Fin del capítulo 51
3471_1378_000122.txt,0.19047619047619047,0,8,0,la señora duquesa despachó un propio con tu vestido y otro presente a tu mujer teresa panza por momentos esperamos respuesta yo he estado un poco mal dispuesto de un cierto gateamiento que me sucedió no muy a cuento de mis narices,"La señora duquesa despachó un propio con tu vestido y otro presente a tu mujer Teresa Panza. Por momentos esperamos respuesta. Yo he estado un poco mal dispuesto de un cierto gateamiento que me sucedió, no muy a cuento de mis narices."
3471_1378_000129.txt,0.18181818181818182,0,6,0,pero espérenme aquí que yo iré a llamar quien la lea ora sea el cura mesmo o el bachiller sansón carrasco que vendrán de muy buena gana por saber nuevas de mi padre,"Pero espérenme aquí que yo iré a llamar quien la lea, ora sea el cura mismo o el bachiller Sansón Carrasco, que vendrán de muy buena gana por saber nuevas de mi padre."
3471_1378_000141.txt,0.2826086956521739,0,11,2,las hijas de los gobernadores no han de ir solas por los caminos sino acompañadas de carrozas y literas y de gran número de sirvientes par dios respondió sancha tan bién me vaya yo sobre una pollina como sobre un coche hallado la habéis la melindrosa,"Las hijas de los gobernadores no han de ir solas por los caminos, sino acompañadas de carrozas y literas y de gran número de sirvientes. —¡Pardiós! —respondió Sancha—. También me vaya yo sobre una pollina como sobre un coche. ¡Hallado la veis, la melindrosa!"
3471_1378_000151.txt,0.19047619047619047,0,8,0,levantóse en fin el señor gobernador y por orden del doctor pedro recio le hicieron desayunar con un poco de conserva y cuatro tragos de agua fría cosa que la trocara sancho con un pedazo de pan y un racimo de uvas,"Levantose, en fin, el señor gobernador y, por orden del doctor Pedro Recio, le hicieron desayunar con un poco de conserva y cuatro tragos de agua fría, cosa que la trocara Sancho con un pedazo de pan y un racimo de uvas."
3503_2162_000010.txt,0.14814814814814814,0,4,0,la embajada que le mandan los griegos a aquiles para que vuelva a ayudarlos en los combates porque desde que él no pelea están ganando los troyanos,"La embajada que le mandan los griegos a Aquiles para que vuelva a ayudarlos en los combates, porque desde que él no pelea están ganando los troyanos."
3503_2162_000050.txt,0.11428571428571428,0,4,0,desde los muros han visto la pelea el padre y la madre los griegos vienen sobre el muerto y lo lancean y lo vuelven con los pies de un lado a otro y se burlan,Desde los muros han visto la pelea el padre y la madre. Los griegos vienen sobre el muerto y lo lancean y lo vuelven con los pies de un lado a otro y se burlan.
3503_2162_000071.txt,0.21428571428571427,1,5,0,con el escudo de ocho capas siete de cuero y una de bronce diomedes que entra en la pelea resplandeciente devastando como un león hambriento en un rebaño,"Ayax con el escudo de ocho capas, siete de cuero y una de bronce. Diomedes que entra en la pelea resplandeciente, devastando como un león hambriento en un rebaño."
3503_2162_000072.txt,0.2692307692307692,0,7,0,al otro día héctor y ajax pelean como jabalíes salvajes hasta que el cielo se oscurece pelean con piedras cuando ya no tienen lanza ni espada,"Al otro día, Héctor y Ajax pelean como jabalíes salvajes hasta que el cielo se osurece. Pelean con piedras cuando ya no tienen lanza ni espada."
3503_2162_000081.txt,0.14634146341463414,0,6,0,al amanecer la batalla es en el murallón que han levantado los griegos en la playa frente a sus buques los troyanos han vencido a los griegos en el llano ha habido cien batallas sobre los cuerpos de los héroes muertos,Al amanecer la batalla es en el murallón que han levantado los griegos en la playa frente a sus buques. Los troyanos han vencido a los griegos en el llano. Ha habido cien batallas sobre los cuerpos de los héroes muertos.
3503_2162_000087.txt,0.09090909090909091,0,3,0,y las mujeres lloraban y los poetas iban cantando hasta que entraron en la casa y lo pusieron en su cama de dormir y vino andrómaca su mujer y le habló al cadáver,Y las mujeres lloraban y los poetas iban cantando hasta que entraron en la casa y lo pusieron en su cama de dormir y vino Andrómaca su mujer y le habló al cadáver.
3503_2162_000112.txt,0.09523809523809523,0,4,0,y como los hombres son soberbios y no quieren confesar que otro hombre sea más fuerte o más inteligente que ellos cuando había un hombre fuerte o inteligente que se hacía rey por su poder decían que era hijo de los dioses,"Y como los hombres son soberbios y no quieren confesar que otro hombre sea más fuerte o más inteligente que ellos, cuando había un hombre fuerte o inteligente que se hacía rey por su poder, decían que era hijo de los dioses."
3503_2162_000116.txt,0.2702702702702703,0,10,0,pero mientras aquiles esté ofendido los vencedores serán los guerreros de troya héctor el hijo de príamo eneas el hijo de la diosa venus sarpedón el más valiente de los reyes que vino a ayudar a troya,"Pero mientras Aquiles esté ofendido, los vencedores serán los guerreros de Troya, Héctor, el hijo de Príamo, Eneas, el hijo de la diosa Venus, Sarpedón, el más valiente de los reyes que vino a ayudar a Troya,"
3503_2162_000123.txt,0.1111111111111111,0,3,1,se siente uno como gigante o como si estuviera en la cumbre de un monte con el mar sin fin a los pies cuando lee aquellos versos de la ilíada que parecen de letras de piedra,Se siente uno como gigante o como si estuviera en la cumbre de un monte con el mar sin fin a los pies cuando lee aquellos versos de la Ilíada que parecen letras de piedra.
3503_2162_000129.txt,0.1891891891891892,0,7,0,llamaban rapsodas en grecia a los cantores que iban de pueblo en pueblo cantando la ilíada y la odisea que es otro poema donde homero cuenta la vuelta de ulises y más poemas parece que compuso homero,"Llamaban rapsodas en Grecia a los cantores que iban de pueblo en pueblo cantando la Ilíada y la Odisea, que es otro poema donde Homero cuenta la vuelta de Ulises, y más poemas parece que compuso Homero."
4096_1378_000006.txt,0.36,1,8,0,como si hubiera encontrado con un grifo vuelve las espaldas y vuélvese a su casa derrámasele al otro mendoza la sal encima de la mesa,"Como si hubiera encontrado con un grifo, vuélvele a sus espaldas y vuélvese a su casa. Derrámesele al otro Mendoza la sal encima de la mesa."
4096_1378_000008.txt,0.24,0,12,0,por la libertad así como por la honra se puede y debe aventurar la vida y por el contrario el cautiverio es el mayor mal que puede venir a los hombres digo esto sancho porque bien has visto el regalo la abundancia que en este castillo que dejamos hemos tenido,"Por la libertad, así como por la honra, se puede y debe aventurar la vida. Y por el contrario, el cautiverio es el mayor mal que puede venir a los hombres. Digo esto, Sancho, porque bien has visto el regalo, la abundancia que en este castillo que dejamos hemos tenido."
4096_1378_000022.txt,0.21875,0,7,0,mejorándose mi ventura y adobándoseme el juicio podría ser que encaminase mis pasos por mejor camino del que llevo dios lo oiga y el pecado sea sordo dijo sancho a esta ocasión,"Mejorándose mi ventura y adobándoseme el juicio, podría ser que encaminase mis pasos por mejor camino del que llevo. Dios lo oiga y el pecado sea sordo, dijo Sancho a esta ocasión."
4096_1378_000025.txt,0.1875,0,6,0,la libertad sancho es uno de los más preciosos dones que a los hombres dieron los cielos con ella no pueden igualarse los tesoros que encierra la tierra ni el mar encubre,"La libertad, Sancho, es uno de los más preciosos dones que a los hombres dieron los cielos. Con ella no pueden igualarse los tesoros que encierra la tierra ni el mar encubre."
4096_1378_000049.txt,0.4642857142857143,1,11,1,no te me podrás huir áfrica porque te tengo asida entre mis brazos así que sancho el haber encontrado con estas imágines ha sido para mí felicísimo acontecimiento,"No teme podrás huir, África, porque te tengo así de entre mis brazos. Así que, Sancho, el haber encontrado con estas imágenes ha sido para mí felicísimo acontecimiento."
4096_1378_000056.txt,0.1388888888888889,0,5,0,nos viniésemos a holgar a este sitio que es uno de los más agradables de todos estos contornos formando entre todos una nueva y pastoril arcadia vistiéndonos las doncellas de zagalas y los mancebos de pastores,"Nos viniésemos a holgar a este sitio, que es uno de los más agradables de todos estos contornos, formando entre todos una nueva y pastoril Arcadia, vistiéndonos las doncellas de zagalas y los mancebos de pastores."
4096_1378_000061.txt,0.16216216216216217,0,6,0,y si como estas redes que deben de ocupar algún pequeño espacio ocuparan toda la redondez de la tierra buscara yo nuevos mundos por do pasar sin romperlas y porque deis algún crédito a esta mi exageración,"Y, si como estas redes que deben de ocupar algún pequeño espacio ocuparan toda la redondez de la Tierra, buscará yo nuevos mundos por do pasar sin romperlas. Y porque deis algún crédito a esta mi exageración,"
4096_1378_000074.txt,0.2692307692307692,0,7,0,pero en fin se levantaron todos y don quijote a gran priesa tropezando aquí y cayendo allí comenzó a correr tras la vacada diciendo a voces,"Pero en fin, se levantaron todos y don Quijote, a gran priesa, tropezando aquí y cayendo allí, comenzó a correr tras la abacada diciendo a voces..."
4096_1378_000094.txt,0.21428571428571427,0,6,0,donde hay mucha gente principal y muchos hidalgos y ricos entre muchos amigos y parientes se concertó que con sus hijos mujeres y hijas vecinos amigos y parientes,"Donde hay mucha gente principal y muchos hidalgos y ricos, entre muchos amigos y parientes se concertó que con sus hijos, mujeres y hijas, vecinos, amigos y parientes..."
4096_1378_000101.txt,0.20833333333333334,0,5,0,siguióle sancho sobre su rucio con toda la gente del pastoral rebaño deseosos de ver en qué paraba su arrogante y nunca visto ofrecimiento,"Siguiole Sancho, sobre su rucio, con toda la gente del pastoral rebaño, deseosos de ver en qué paraba su arrogante y nunca visto ofrecimiento."
4096_1378_000103.txt,0.1388888888888889,0,5,0,en verdad señor nuestramo que si esto que nos ha sucedido hoy se puede llamar aventura ella ha sido de las más suaves y dulces que en todo el discurso de nuestra peregrinación nos ha sucedido,"En verdad, señor Nuestramo, que si esto que nos ha sucedido hoy se puede llamar aventura, ella ha sido de las más suaves y dulces que en todo el discurso de nuestra peregrinación nos ha sucedido."
4096_1378_000104.txt,0.2727272727272727,0,12,0,oyendo lo cual sancho que con grande atención le había estado escuchando dando una gran voz dijo es posible que haya en el mundo personas que se atrevan a decir y a jurar que este mi señor es loco digan vuestras mercedes señores pastores,"Oye lo cual, Sancho, que con gran atención le había estado escuchando, dando una gran voz, dijo. ¿Es posible que haya en el mundo personas que se atrevan a decir y a jurar que este mi señor es loco? Digan vuestras mercedes, señores pastores."
4096_1378_000110.txt,0.13793103448275862,0,4,0,trabajador incansable en la viña del señor doctor de las gentes a quien sirvieron de escuelas los cielos y de catedrático y maestro que le enseñase el mismo jesucristo,"Trabajador incansable en la viña del Señor, doctor de las gentes, a quien sirvieron de escuelas los cielos y de catedrático y maestro que le enseñase el mismo Jesucristo."
4747_2162_000009.txt,0.1276595744680851,0,6,0,el cuarto de comer daba al corredor lo mismo que la sala y el cuarto de familia que por el otro lado abría sobre un jardín adornaban las paredes con dibujos y figuras de colores brillantes y en los recodos había muchos nichos con jarras y estatuas,"El cuarto de comer daba al corredor lo mismo que la sala y el cuarto de familia, que por el otro lado abría sobre un jardín. Adornaban las paredes con dibujos y figuras de colores brillantes y en los récordos había muchos nichos con jarras y estatuas."
4747_2162_000014.txt,0.25,0,10,1,porque el tamaño está calculado de manera que venga bien con el color y no hay cosa que no sea precisa ni adorno sino donde pueda estorbar parece que tiene alma las piedras de grecia son modestas y como amigas del que las ve,"Porque el tamaño está calculado de manera que venga bien con el color y no hay cosa que no sea precisa, ni adorno, sino donde pueda estorbar. Parece que tiene alma las piedras de Grecia. Son modestas y como amigas de aquel albé."
4747_2162_000030.txt,0.15625,0,5,0,luego roma fue dueña de todos los países que tenía alrededor hasta que tuvo tantos pueblos que no los pudo gobernar y cada pueblo se fue haciendo libre y nombrando su rey,"Luego, Roma fue dueña de todos los países que tenía alrededor, hasta que tuvo tantos pueblos que no los pudo gobernar, y cada pueblo se fue haciendo libre y nombrando su rey."
4747_2162_000039.txt,0.2033898305084746,0,11,1,que es lo que llaman arquitectura románica y del lado de los persas y de los árabes por donde está ahora turquía les ponían a los monumentos tanta riqueza y color que parecían las iglesias cuevas de oro por lo grande y lo resplandeciente de modo de cuando los pueblos nuevos del lado de francia empezaron a tener ciudades,"que es lo que llamaban arquitectura románica. Y del lado de los persas y los árabes, por donde estaba ahora Turquía, les ponían a los monumentos tanta riqueza y color que parecían las iglesias cuevas de oro, por lo grande y lo resplandecente. De modo de cuando los pueblos nuevos del lado de Francia empezaron a tener ciudades,"
4747_2162_000052.txt,0.11627906976744186,0,5,0,con las guerras y las amistades se fueron juntando aquellos pueblos diferentes y cuando ya el rey pudo más que los señores de los castillos y todos los hombres creían en el cielo nuevo de los cristianos empezaron a hacer las iglesias góticas,"Con las guerras y las amistades se fueron juntando aquellos pueblos diferentes, y cuando ya el rey pudo más que los señores de los castillos y todos los hombres creían en el cielo nuevo de los cristianos, empezaron a ser las iglesias góticas."
4747_2162_000060.txt,0.10714285714285714,0,3,0,estudiando se aprende eso que el hombre es el mismo en todas partes y aparece y crece de la misma manera y hace y piensa las mismas cosas,"Estudiando se aprende eso, que el hombre es el mismo en todas partes y aparece y crece de la misma manera y hace y piensa las mismas cosas."
4747_2162_000098.txt,0.16279069767441862,0,7,0,sobre las puertas ponían a veces piedras talladas con alguna figura misteriosa como un toro con cabeza de hombre o una cabeza con alas los fenicios fabricaron sus casas y monumentos con piedras sin labrar que ponían unas sobre otras como los etruscos,"Sobre las puertas ponían a veces piedras talladas con alguna figura misteriosa, como un torro con cabeza de hombre o una cabeza con alas. Los fenicios fabricaron sus casas y monumentos con piedras sin labrar, que ponían unas sobre otras como los etruscos."
5691_4369_000017.txt,0.24444444444444444,0,9,2,y por desmentir las espías si acaso la seguían se entró en una casa que halló abierta y de allí a poco se fue a la suya donde halló a sus padres atónitos y sin desnudarse y aun sin tener pensamiento de tomar descanso alguno,"Y por desmentir las espías, si acaso las seguían, se entró en una casa que halló abierta, y de allí poco se fue a la suya, donde halló sus padres atónitos y sin desnudarse, y aún sin tener pensamiento de tomar descanso alguno."
5691_4369_000018.txt,0.28125,0,17,1,lo que has de hacer hija es guardarla y encomendarte a ella que pues ella fue testigo de tu desgracia permitirá que haya juez que vuelva por tu justicia y advierte hija que más lastima una onza de deshonra pública que una arroba de infamia secreta y pues puedes vivir honrada con dios en público no te pene de estar deshonrada contigo en secreto,"Lo que has de hacer, hija, es guardarla y encomendarte a ella, que pues ella fue testigo de tu desgracia, permitirá que haya juez que vuelva por tu justicia. Y advierte, hija, que más lástima una onza de deshonra pública que una roba de infamia secreta. Y, pues puedes vivir honrada con Dios en público, no te apene estar deshonrada contigo en secreto."
5691_4369_000032.txt,0.19402985074626866,0,13,0,rodolfo en tanto vuelto a su casa echando de menos la imagen del crucifijo imaginó quién podía haberla llevado pero no se le dio nada y como rico no hizo cuenta de ello ni sus padres se la pidieron cuando de allí a tres días que él se partió a italia entregó por cuenta a una camarera de su madre todo lo que en el aposento dejaba,"Rodolfo, en tanto, vuelta a su casa, echando de menos la imagen del crucifijo, imaginó quién podía haberla llevado, pero no se le dio nada. Y como rico, no hizo cuenta de ello, ni sus padres se la pidieron cuando de allí a tres días, que él se partió a Italia, entregó por cuenta a una camarera de su madre todo lo que en el aposento dejaba."
5691_4369_000035.txt,0.34146341463414637,2,10,2,y fuesen a buscar un cirujano que al niño curase muchos caballeros le siguieron lastimados de la desgracia de tan hermoso niño porque luego salió la voz que el atropellado era luisico el sobrino del tal caballero nombrando a su abuelo,"Y fuesen a buscar a un cirujano que al niño curase. Muchos caballeros le siguieron, lastimados de la desgracia de tan hermoso niño, porque luego salió de la voz que el atropellado era Luisico, el sobrino de tal caballero, nombrándose abuelo."
5691_4369_000054.txt,0.1891891891891892,0,7,0,el cirujano que era famoso habiéndole curado con grandísimo tiento y maestría dijo que no era tan mortal la herida como él al principio había temido en la mitad de la cura volvió luis a su acuerdo,"El cirujano que era famoso, habiéndole curado con grandísimo tiento y maestría, dijo que no era tan mortal la herida como él al principio había temido. En la mitad de la cura volvió Luis a su acuerdo."
5691_4369_000062.txt,0.2,0,13,0,la respuesta que dio rodolfo a las discretas razones de la lastimada leocadia no fue otra que abrazarla dando muestras que quería volver a confirmar en él su gusto y en ella su deshonra lo cual visto por leocadia con más fuerzas de las que su tierna edad prometían se defendió con los pies con las manos con los dientes y con la lengua diciéndole,"La respuesta que dio Rodolfo a las discretas razones de la lastimada Leocadia no fue otra que abrazarla, dando muestras que quería volver a confirmar en él su gusto y en ella su deshonra. Lo cual, visto por Leocadia con más fuerza de las que su tierna edad prometían, se defendió con los pies, con las manos, con los dientes y con la lengua diciéndole..."
5691_4369_000064.txt,0.1346153846153846,0,6,1,no habría pasado a su parecer media hora cuando sintió abrir la puerta del aposento y que a ella se llegó una persona y sin hablarle palabra con un pañuelo le vendó los ojos y tomándola del brazo la sacó fuera de la estancia y sintió que volvía a cerrar la puerta,"No habría pasado a superecer media hora cuando sintió abrir la puerta del aposento y que a ella se llegó una persona, y sin hablarle palabra, con un pañuelo le vendó los ojos y tomándola del brazo la sacó fuera de la estancia, y sintió que volvía a cerrar la puerta."
5691_4369_000070.txt,0.9607843137254902,0,3,46,que en los alojamientos tenían los españoles sonábale bien aquel eco li buoni polastri picioni presuto e salcicie con otros nombres de este jaez de quien los soldados se acuerdan cuando de aquellas partes vienen a éstas y pasan por la estrecheza e incomodidades de las ventas y mesones de españa,El alojamiento de los españoles
5870_4006_000004.txt,0.23076923076923078,0,9,0,mira ese es quien ha hecho el milagro de unirnos de soltera le rezaba pidiéndole un buen marido y por segunda vez me protege dándome mi luis no vida mía el milagro lo has hecho tú con tu belleza,"Mira, ese es quien ha hecho el milagro de unirnos. De soltera le rezaba pidiéndole un buen marido, y por segunda vez me protege, dándome mi Luis. No, vida mía, el milagro lo has hecho tú con tu belleza."
5870_4006_000009.txt,0.4,0,14,0,aquello repugnaba a luis todo dios se casaba qué brutos cuánta gente inexperta queda en el mundo atrás se quedaron los viveros con sus regocijadas bodas los valses sonaban lejanos como vagos estremecimientos del aire,Aquello repugnaba a Luis. ¡Todo Dios se casaba! ¡Qué brutos! ¡Cuánta gente inexperta queda en el mundo! Atrás se quedaron los víveros con sus regocijadas bodas. Los valses sonaban lejanos como vagos estremecimientos del aire.
5870_4006_000027.txt,0.275,0,11,0,todo hablaba allí del amor legítimo sometido a la reglamentación oficial aquí dos bodas en el restaurant de más allá otras en el último termino un cortejo nupcial zarandeándose al compás de los pianos con la panza repleta del peleón,"Todo hablaba ahí del amor legítimo, sometido a la reglamentación oficial. Aquí dos bodas, en el restaurante de más allá otras, en el último término un cortejo nupcial, zarandeándose al compás de los pianos con la panza repleta del peleón."
5870_4006_000048.txt,0.2857142857142857,0,10,0,era un muchacho con faldas siempre lo había dicho luis por esto la huía teniéndola mucho miedo porque a pesar de su dulzura de gatita cariñosa y sumisa acababa siempre por imponer su voluntad señor,"Era un muchacho con faldas, siempre lo había dicho Luis. Por esto le oía, teniéndola mucho miedo, porque a pesar de su dulzura de gatita cariñosa y sumisa, acababa siempre por imponer su voluntad. ¡Señor!"
5870_4006_000052.txt,0.34782608695652173,0,8,0,luis huía de todo contacto se recogía como una doncella medrósica en su asiento el recuerdo de los amigotes era su única defensa,Luis oía de todo contacto. Se recogía como una doncella medórsica en su asiento. El recuerdo de los amigotes era su única defensa.
5870_4006_000057.txt,0.21875,0,7,0,una inicial por firma y la letra de carácter inglés fina correcta e igual a la de todos los que han sido pensionistas del sacré coeur hasta su mujer lo tenía así,"Una inicial por firma y la letra de carácter inglés, fina, correcta e igual a la de todos los que han sido pensionistas del Sacre Coeur. Hasta su mujer lo tenía así."
5870_4006_000059.txt,0.2608695652173913,0,6,0,por la parte del río sonaban cornetas y sobre el follaje enjambres de insectos ebrios de luz moscardoneaban brillando como chispas de oro,"Por la parte del río sonaban cornetas y sobre el follaje enjambres de insectos, embrios de luz, moscarondeaban brillando como chispas de oro."
5870_4006_000062.txt,0.8333333333333334,0,5,0,fin de milagro de san antonio,Fin del Milagro de San Antonio
5870_4006_000064.txt,0.26666666666666666,0,8,0,el sombrero de luis estaba a sus pies y ella le acariciaba la cabeza despeinándole el juego favorito de su luna de miel y luis reía encontrando el suceso graciosísimo,"El sombrero de Luis estaba a sus pies y ella le acariciaba la cabeza despeinándole, el juego favorito de su luna de miel. Y Luis reía, encontrando el suceso graciosísimo."
5870_4006_000071.txt,0.15625,0,5,0,y con la tranquila serenidad de los que no tienen por qué ocultarse su amor se besaron ruidosamente sin fijarse en el asombro de la mujer del ventorrillo que recogía la botella,"Y con la tranquila seneridad de los que no tienen por qué ocultarse su amor, se besaron ruidosamente, sin fijarse en el asombro de la mujer del ventorrillo que recogía la botella."
5870_4006_000090.txt,0.3548387096774194,0,10,1,ya verás luis mío seré muy buena te querré mucho me tomas como una amante pero con bondad y con cariño yo he de conseguir que me adores como a esposa,"Ya verás, Luis mío, seré muy buena, te querré mucho, me tomas como un amante, pero con bondad y con cariño, yo he de conseguir que me adores como esposa."
6306_4006_000001.txt,0.3,0,6,0,a una mujer alta escueta y negruzca erguida sobre un peñasco y cuyas faldas arremolinaba el viento llegaron al muelle,"A una mujer alta, escueta y negruzca, erguida sobre un peñasco y cuyas faldas arremolinaba el viento. Ligaron al muelgue."
6306_4006_000011.txt,0.30434782608695654,0,7,0,antonio respiró al fin de buena se habían librado todo duró algunos segundos pero un poco más y se hubieran ido al fondo,"Antonio respiró al fin. De buena se habían librado. Todo duró algunos segundos, pero un poco más y se hubieran ido al fondo."
6306_4006_000027.txt,0.21052631578947367,0,4,0,cerca del muelle un caserón mostraba sus ventanas como hornos encendidos trazando regueros de luz sobre las inquietas aguas,"Cerca del muelle, un caserón mostraba sus ventanas como hornos encendidos, trazando regueros de luz sobre las inquietas aguas."
6306_4006_000033.txt,0.23809523809523808,0,5,0,todo es cuestión de más pronto o más tarde pero ahora a lo que estamos a pensar que somos unos pobres,"Todo es cuestión de más pronto o más tarde, pero ahora, a lo que estamos, a pensar que somos unos pobres."
6306_4006_000082.txt,0.18181818181818182,0,6,0,pero sus fuerzas casi le abandonaron al convencerse de que el objeto era un remo un despojo de su barca cuando las olas le levantaban sacaba el cuerpo fuera para ver más lejos,"Pero sus fuerzas casi le abandonaron al convencerse de que el objeto era un remo, un despojo de su barca. Cuando las olas le levantaban, sacaba el cuerpo fuera para ver más lejos."
6306_4006_000083.txt,0.35294117647058826,0,6,0,antoñico hijo mío y bajo las palmeras seguían desfilando los vistosos trajes los rostros felices y sonrientes,"¡Antonico! ¡Hijo mío! Y bajo las palmeras seguían desfilando los vistosos trajes, los rostros felices y sonrientes."
676_567_000007.txt,0.22641509433962265,3,9,0,mas tan hechos pedazos que por muchas partes se le descubrían las carnes traía la cabeza descubierta y aunque pasó con la ligereza que se ha dicho todas las menudencias miró y notó el caballero de la triste figura y aunque lo procuró no pudo seguille porque no era dado a la debilidad,"Más tan hechos pedazos que por muchas partes se le descubrían las carnes. Traía la cabeza descubierta, y aunque pasó con la ligereza que se ha dicho, todas las menudencias miró y notó el caballero de la triste figura. Y aunque lo procuró, no pudo seguille, porque no era dado a la debilidad de la cabeza."
676_567_000011.txt,0.32,0,8,0,si yo hubiera creído lo que me dijiste yo hubiera excusado esta pesadumbre pero ya está hecho paciencia y escarmentar para desde aquí en adelante,"Si yo hubiera creído lo que me dijiste, yo hubiera excusado esta pesadumbre. Pero ya está hecho. Paciencia y escanmentar para desde aquí en adelante."
676_567_000012.txt,0.98,0,5,44,aquí porque no hay camino ni senda que a este lugar encamine digo pues que en oyendo nuestra respuesta el mancebo volvió las riendas y encaminó hacia el lugar donde le señalamos dejándonos a todos contentos de su buen talle y admirados de su demanda y de la priesa con,Usa un tono profesional y organizado.
676_567_000016.txt,0.17647058823529413,0,9,0,y sepa que ya me parece que sus saetas me zumban por los oídos naturalmente eres cobarde sancho dijo don quijote pero porque no digas que soy contumaz y que jamás hago lo que me aconsejas por esta vez quiero tomar tu consejo y apartarme de la furia que tanto temes,"Y sepa que ya me parece que sus saetas me zumban por los oídos. Naturalmente, eres cobarde, Sancho, dijo don Quijote. Pero porque no digas que soy contumaz y que jamás hago lo que me aconsejas, por esta vez quiero tomar tu consejo y apartarme de la furia que tanto temes."
676_567_000019.txt,1.0,0,6,43,sin llevar otro camino que aquel que rocinante quería que era por donde él podía caminar siempre con imaginación que no podía faltar por aquellas malezas alguna estraña aventura yendo pues con este pensamiento vio que por cima de una montañuela que delante de los ojos se le ofrecía,Usa un tono profesional y organizado.
676_567_000030.txt,0.9245283018867925,0,13,36,habían despertado en él los hallados escudos que pasaban de ciento y aunque no halló más de lo hallado dio por bien empleados los vuelos de la manta el vomitar del brebaje las bendiciones de las estacas las puñadas del arriero la falta de las alforjas el robo del gabán y toda la,El asistente es un asistente de la Iglesia de Jesucristo de los Santos de los Últimos Días.
676_567_000052.txt,0.19047619047619047,1,11,0,el otro a quien podemos llamar el roto de la mala figura como a don quijote el de la triste después de haberse dejado abrazar le apartó un poco de sí y puestas sus manos en los hombros de don quijote le estuvo mirando como le quería ver si le conocía no menos admirado quizá de ver la figura talle y armas de,"El otro, a quien podemos llamar el roto de la mala figura, como a don Quijote el de la triste, después de haberse dejado abrazar, le apartó un poco de sí y puesta sus manos en los hombros de don Quijote, le estuvo mirando como le quería ver si le conocía. No menos admirado quizá de ver la figura talla y armas de don"
676_567_000073.txt,0.17647058823529413,1,7,1,paró y enmudecióse clavó los ojos en el suelo por un buen espacio en el cual todos estuvimos quedos y suspensos esperando en qué había de parar aquel embelesamiento con no poca lástima de verlo porque por lo que hacía de abrir los ojos estar fijo mirando al suelo sin mover,"Paró y emudecióse. Clavó los ojos en el suelo por un buen espacio en el cual todos estuvimos quedos y suspensos, esperando en qué había de parar aquel embelesamiento, con no poca lástima de velo, por lo que hacía de abrir los ojos estar fijo mirando el suelo sin mover pensamientos."
7510_7613_000001.txt,0.2702702702702703,0,10,0,benincasa habiendo concluído sus estudios de contaduría pública sintió fulminante deseo de conocer la vida de la selva no que su temperamento fuera ese pues antes bien era un muchacho pacífico gordinflón y de cara uniformemente rosada,"Benengaza, habiendo concluido sus estudios de contatoría pública, sintió fulminante deseo de conocer la vida de la selva. No que su temperamento fuera ese, pues antes bien era un muchacho pacífico, cordinflón y de cara uniformemente rosada."
7510_7613_000035.txt,0.38095238095238093,0,8,0,y de pronto la respiración se le cortó en seco de espanto debe de ser la miel es venenosa estoy envenenado,Y de pronto la respiración se le cortó en seco de espanto. Debe de ser la miel. Es venenosa. Estoy envenenado.
7510_7613_000043.txt,0.2222222222222222,0,8,0,después de un momento desencanto pensó en el fuego levantaría una buena humareda la suerte quiso que mientras el ladrón acercaba cautelosamente la hojarasca húmeda cuatro o cinco abejas se posaran en su mano sin picarlo,"Después de un momento desencanto, pensó en el fuego. Levantaría una buena humareda. La suerte quiso que mientras el ladrón acercaba cautelosamente la hojarasca húmeda, cuatro o cinco abejas se posaran en su mano sin picarlo."
7510_7613_000046.txt,0.34615384615384615,2,7,0,benincasa una vez bien seguro de que solo cinco bolsitas le serían útiles comenzó su idea era sencilla tener suspendido el panal goteante sobre su boca,"Ven en casa una vez bien seguro de que sólo cinco bolsitas le serían útiles, comenzó. Su idea era sencilla, tener suspendido el panal goteante sobre su boca."
7510_9951_000007.txt,0.2972972972972973,1,10,0,porque de día y de noche se agravó sobre mí tu mano volvióse mi verdor en sequedades de estío selah mi pecado te declaré y no encubrí mi iniquidad confesaré dije contra mí mis rebeliones a jehová,"¿Por qué de día y de noche se agravó sobre mí tu mano? Volvióse mi verdor en sequedades de estío. Cela. Mi pecado te declaré y no encubrí mi iniquidad. Confesaré, dije, contra mí mis rebeliones a Jehová."
7510_9951_000052.txt,0.1875,0,6,0,considera al íntegro y mira al justo que la postrimería de cada uno de ellos es paz mas los transgresores fueron todos a una destruidos la postrimería de los impíos fue talada,"Considera al íntegro y mira al justo, que la postrimería de cada uno de ellos es paz. Mas los transgresores fueron todos a una destruidos, la postrimería de los impíos fue talada."
7510_9951_000055.txt,0.32142857142857145,2,7,0,bienaventurado el hombre á quien no imputa jehová la iniquidad y en cuyo espíritu no hay superchería mientras callé envejeciéronse mis huesos en mi gemir todo el día,"Bien aventurado el hombre a quien no imputa Jehová la iniquidad y en cuyo espíritu no hay su prechería. Mientras callé, envejeciéronse mis huesos en mi gemir todo el día."
7510_9951_000069.txt,0.3783783783783784,1,13,0,no digan en su corazón ea alma nuestra no digan hémoslo devorado avergüencense y sean confundidos á una los que de mi mal se alegran vístanse de vergüenza y de confusión los que se engrandecen contra mí,"No digan en su corazón, ¡Ea alma nuestra! No digan, ¡Hemos lo devorado! Avergüéncense y sean confundidos a una los que de mi mal se alegran. Vístanse de vergüenza y de confusión los que se engrandecen contra mí."
7510_9951_000075.txt,0.2222222222222222,0,8,0,quién es el hombre que desea vida que codicia días para ver bien guarda tu lengua de mal y tus labios de hablar engaño apártate del mal y haz el bien busca la paz y síguela,"¿Quién es el hombre que desea vida, que codicia días para ver bien? Guarda tu lengua de mal y tus labios de hablar engaño. Apártate del mal y haz el bien, busca la paz y síguela."
7510_9951_000087.txt,0.1891891891891892,0,7,0,pero los mansos heredarán la tierra y se recrearán con abundancia de paz maquina el impío contra el justo y cruje sobre él sus dientes el señor se reirá de él porque ve que viene su día,Pero los mansos heredarán la tierra y se recrearán con abundancia de paz. Maquina el impío contra el justo y cruje sobre él sus dientes. El Señor se reirá de él porque ve que viene su día.
7510_9951_000091.txt,0.25,0,7,0,matará al malo la maldad y los que aborrecen al justo serán asolados jehová redime el alma de sus siervos y no serán asolados cuantos en él confían,"Matará al malo la maldad, y los que aburecen al justo serán asolados. Jehová redime el alma de sus siervos, y no serán asolados cuantos en él confían."
7678_7613_000003.txt,0.16,0,4,0,kassim esperó un momento y cuando el solitario quedó por fin perfectamente inmóvil pudo entonces retirarse cerrando tras de sí la puerta sin hacer ruido,"Casín esperó un momento y cuando el solitario quedó por fin perfectamente inmóvil, pudo entonces retirarse, cerrando tras de sí la puerta sin hacer ruido."
7678_7613_000029.txt,0.23076923076923078,0,6,0,no crea en esas sacudidas me dijo zapiola con aire tranquilo y serio casi nunca se sabe al principio lo que pasará o se hará después,"No crea en esas sacudidas, me dijo Zapiola con aire tranquilo y serio. Casi nunca se sabe al principio lo que pasará o se hará después."
7678_7613_000068.txt,0.4074074074074074,0,11,0,y ahora libres sí solos los dos pero con un cadáver entre nosotros después de quince días fui a su casa hablamos vagamente evitando la menor alusión,"Y ahora, libres. Sí, solos los dos, pero con un cadáver entre nosotros. Después de quince días fui a su casa. Hablamos vagamente, evitando la menor alusión."
7678_7613_000091.txt,0.15789473684210525,0,5,1,yo tengo en mi matrimonio una novela infinitamente más complicada que la suya lo cual no obsta para que yo sea hoy el marido más feliz de la tierra oígala porque a usted podrá serle de gran provecho,"Yo tengo en mi matrimonio una novela infinitamente más complicada que la suya, lo cual no obsta para que yo sea hoy el marido más feliz de la tierra. Óigala, porque usted podrá serle de gran provecho."
8306_7405_000004.txt,0.20588235294117646,0,7,0,no puede ser tú dices que no vivirás muchos años continuó el adolescente y que yo no podré salir nunca de aquí porque estamos en un oasis en medio de un desierto de agua,"No puede ser. Tú dices que no vivirás muchos años, continuó el adolescente, y que yo no podré salir nunca de aquí, porque estamos en un oasis en medio de un desierto de agua."
8306_7405_000034.txt,0.18,1,7,1,di un mudo adiós a mis padres a mis hermanos a mis amigos pensé en mis ilusiones desvanecidas en mis irrealizables esperanzas y ambiciones que me habían separado de los seres que amé y me amaron en la tierra y cerré los ojos pensando que no volvería a abrirlos jamás,"Di un mudo adiós a mis padres, a mis hermanos, a mis amigos. Pensé mis ilusiones desvanecidas en mis irrealizables esperanzas y ambiciones que me habían separado de los seres que amé y que me amaron en la tierra y cerró los ojos pensando que no volvería a abrirlos jamás."
8306_7405_000042.txt,0.17142857142857143,0,6,0,salvada mi existencia gracias a la intercesión del mancebo fui curado por su padre pero no me dieron un asilo en su morada esta estaba en las rocas formada por grutas naturales en las que,"Salvada mi existencia gracias a la intercesión del mancebo, fui curado por su padre, pero no me dieron un asilo en su morada. Esta estaba en las rocas formadas por grutas naturales en las que"
8306_7405_000087.txt,0.3125,0,10,0,por qué repitió mirándome con ternura porque yo te adoro y tienes celos aquellas palabras fueron una revelación para mí no eran las frases que podía emplear un amigo para otro amigo,¿Por qué? Repitió mirándome con ternura. Porque yo te adoro y tienes celos. Aquellas palabras fueron una revelación para mí. No eran las frases que podía emplear un amigo para otro amigo.
8306_7405_000089.txt,0.1891891891891892,0,7,0,este manuscrito lo dedico a mis padres voy a encerrarlo en una botella única que tenemos a falta de lacre la cubriré con una resina que he visto lo puede sustituir y luego la arrojaré al mar,Este manuscrito lo dedico a mis padres. Voy a encerrarlo en una botella única que tenemos. A falta de lacre la cubriré con una resina que he visto lo puedo sustituir y luego la arrojaré al mar.
8306_7405_000101.txt,0.19607843137254902,0,10,0,como era hombre entendido encontró el medio de vivir en aquel país inculto no careciendo de nada enseñó a leer y a escribir a su hijo y la caja encontrada por mí contenía un papel y una tinta hechos por él no le hablé de aquel hallazgo porque me convenía conservarlo,"Como era hombre entendido, encontró el medio de vivir en aquel país inculto, no careciendo de nada. Enseñó a leer y a escribir a su hijo, y la caja encontrada por mí contenía un papel y una tinta hechos por él. No le hablé de aquel hallazgo, porque me convenía conservarlo."
8306_7405_000117.txt,0.19148936170212766,0,9,0,había pues en la isla dos seres humanos pensé en el paraíso en aquel edén perdido por nuestros primeros padres que debió ser algo semejante a este lugar y para que la ilusión fuese completa una serpiente enroscada a un árbol me miró con sus brillantes ojos,"Había pues en la isla dos seres humanos. Pensé en el paraíso, en aquel Edén perdido por nuestros primeros padres, que debió ser algo semejante a este lugar, y para que la ilusión fuese completa, una serpiente enroscada a un árbol me miró con sus brillantes ojos."
8306_7405_000123.txt,0.358974358974359,5,9,0,mariposas casado bernardo qué le importaba a ella el mundo ya había sido el compañero de su infancia el que había enjugado sus primeras lágrimas producido su sonrisa primera y recogido el primer suspiro que exhaló su pecho virginal,"Grabado por Gribon Jorn Sor María ¡Casado Bernardo! ¿Qué le importaba a ella el mundo ya? Había sido el compañero de su infancia, el que había enjugado sus primeras lágrimas, producido su sonrisa primera y recogido el primer suspiro que exhaló su pecho virginal."
8585_7405_000036.txt,0.16666666666666666,0,5,0,y después de mirarla con los ojos llenos de lágrimas observó que estaba engalanada cosa que le extrañó muchísimo pues no era la fiesta del patrón ni estaba siquiera cerca,"Y después de mirarla con los ojos llenos de lágrimas, observó que estaba engalanada, cosa que le extrañó muchísimo, pues no era la fiesta del patrón ni estaba siquiera cerca."
8585_9503_000017.txt,0.24444444444444444,0,11,0,tres observaciones que hice sin embargo me inspiraron ánimo el mar estaba tranquilo la marea subía y llegaba a tierra el viento aunque débil no dejaba del ser favorable habiendo entonces encontrado dos o tres palos de virar medio rotos que pertenecían a la chalupa,"Tres observaciones que hice sin embargo me inspiraron ánimo. El mar estaba tranquilo, la marea subía y llegaba a tierra, el viento, aunque débil, no dejaba de ser favorable. Habiendo entonces encontrado dos o tres palos de virar medio rotos que pertenecían a la chalupa,"
8585_9503_000018.txt,0.1951219512195122,0,8,0,los coloqué en la balsa junto con las armas estaba contentísimo con mi cargamento pero necesitaba buscar un medio seguro para conducirlo a tierra porque ni tenía vela ni remos ni timón y el menor soplo de viento podía sumergirlo todo,"Los coloqué en la balsa junto con las armas. Estaba contentísimo con mi cargamento, pero necesitaba buscar un medio seguro para conducirlo a tierra, porque ni tenía vela, ni remos, ni timón y el menor soplo de viento podía sumergirlo todo."
8585_9503_000029.txt,0.1875,0,6,0,no me faltaba mas que una lancha para cargar los objetos que creí me serian necesarios en esta posición era preciso no perder un tiempo precioso en desear cosas imposibles de alcanzar,No me faltaba más que una lancha para cargar los objetos que creí me serían necesarios. En esta posición era preciso no perder un tiempo precioso en desear cosas imposibles de alcanzar.
8585_9503_000042.txt,0.14814814814814814,0,4,0,también calculé que podría sacar del buque muchas cosas que me pudiesen ser muy útiles especialmente cuerdas velas y otros objetos susceptibles de ser transportados a tierra,"También calculé que podría sacar del buque muchas cosas que me pudiesen ser muy útiles, especialmente cuerdas, velas y otros objetos susceptibles de ser transportados a tierra."
8585_9503_000078.txt,0.21739130434782608,0,5,0,algunos momentos después el agua que continuaba elevándose la desencalló y al mismo tiempo ayudado de mis remos la dirigí hacia el canal,"Algunos momentos después el agua que continuaba elevándose la desencayó y al mismo tiempo, ayudado de mis remos, la dirigí hacia el canal."
8585_9503_000082.txt,0.16129032258064516,0,5,0,así como mis medias todo lo cual no me había quitado cuando me eché a nado para llegar a donde estaba el buque este accidente me obligó a proveerme de vestidos,"Así como mis medias, todo lo cual no me había quitado cuando me eché a nado para llegar a donde estaba el buque. Este accidente me obligó a proveerme de vestidos."
8585_9503_000083.txt,0.22857142857142856,0,7,1,por lo que toca a mi subsistencia no sabía aun como proveería a ella solamente había visto dos o tres animales parecidos a las liebres huir fuera del bosque en donde había matado el pájaro,"Por lo que toca a mi subsistencia, no sabía aún cómo proveería ella. Solamente había visto dos o tres animales parecidos a las liebres huir fuera del bosque en donde había matado el pájaro."
8585_9503_000088.txt,0.125,0,4,0,había también en el buque cierta cantidad de cebada y de trigo candeal todo mezclado pero a mi parecer aquel grano estaba echado a perder o había sido comido por las ratas,Había también en el buque cierta cantidad de cebada y de trigo candeal todo mezclado. Pero a mi parecer aquel grano estaba echado a perder o había sido comido por las ratas.
8585_9503_000101.txt,0.2222222222222222,0,9,1,habiendo bogado un poco mas me encontré en la embocadura de un pequeño río a la cual me arrastró rápidamente el flujo mientras buscaba ya en una ya en otra orilla un sitio a propósito para desembarcar porque temía ser arrojado demasiado dentro del río,"Habiendo bogado un poco más, me encontré la embocadura de un pequeño río, a la cual me arrastró rápidamente el flujo. Mientras buscaba ya en una, ya en otra orilla, un sitio a propósito para desembarcar, porque temía ser arrojado demasiado dentro del río,"
97_567_000015.txt,0.2571428571428571,1,8,0,y determinaron salirse al corral que tenía por límite el cielo y allí puesto sancho en mitad de la manta comenzaron a levantarlo en alto y a holgarse con él como con perro por carnestolendas,"Y determinaron salirse al corral que tenía por límite el cielo. Y allí, puestos ancho en mitad de la manta, comenzaron a levantarlo en alto y a holgarse con él como con perro por carnes tolendas."
97_567_000045.txt,0.3333333333333333,1,12,2,ni para mí tampoco respondió sancho porque más de cuatrocientos moros me han aporreado a mí de manera que el molimiento de las estacas fue tortas y pan pintado pero dígame señor cómo llama a ésta buena y rara aventura habiendo quedado della cual quedamos,"Ni para mí tampoco, respondió Sancho, porque más de cuatrocientos moros me han aporreado de manera que el molimiento de las estacas fue tortas y pan pintado. Pero dígame, señor, ¿cómo llama a esta buena y rara aventura, habiendo quedado de ella cual quedamos?"
97_567_000084.txt,0.325,0,13,0,qué es caballero aventurero replicó la moza tan nueva sois en el mundo que no lo sabéis vos respondió sancho panza pues sabed hermana mía que caballero aventurero es una cosa que en dos palabras se ve apaleado y emperador,"¿Qué es caballero aventurero? replicó la moza. Tan nueva sois en el mundo que no lo sabéis vos, respondió Sancho Panza. Pues sabed, hermana mía, que caballero aventurero es una cosa que en dos palabras se vea paleado y emperador."
97_567_000144.txt,0.14634146341463414,0,6,0,el ventero le proveyó de cuanto quiso y sancho se lo llevó a don quijote que estaba con las manos en la cabeza quejándose del dolor del candilazo que no le había hecho más mal que levantarle dos chichones algo crecidos,"El ventero le proveyó de cuanto quiso y Sancho se lo llevó a Don Quijote, que estaba con las manos en la cabeza quejándose del dolor del candilazo, que no le había hecho más mal que levantarle dos chichones algo crecidos."
97_567_000145.txt,0.09803921568627451,0,5,0,sin que hasta ahora haya leído cosa en contrario que jamás pagaron posada ni otra cosa en venta donde estuviesen porque se les debe de fuero y de derecho cualquier buen acogimiento que se les hiciere en pago del insufrible trabajo que padecen buscando las aventuras de noche y de día,"Sin que hasta ahora haya leído cosa en contrario, que jamás pagaron posada ni otra cosa en venta donde estuviesen, porque se les debe de fuero y de derecho cualquier buen acogimiento que se les hiciere, en pago del insufrible trabajo que padecen buscando las aventuras de noche y de día."
